Time_Between_Messages,Loss_Probability,Corruption_Probability,Window_Size,Protocol_Type,Number_Of_Events,Nanoseconds
10,0.0,0.0,1,0,419,35465000
10,0.1,0.0,1,0,757,35715000
10,0.2,0.0,1,0,936,34702000
10,0.3,0.0,1,0,1611,36731000
10,0.4,0.0,1,0,1503,35886000
10,0.5,0.0,1,0,4245,33856000
10,0.6,0.0,1,0,7776,38935000
10,0.7,0.0,1,0,13804,46256000
10,0.8,0.0,1,0,24435,56837000
10,0.9,0.0,1,0,102966,55341000
10,0.0,0.1,1,0,565,50221000
10,0.1,0.1,1,0,907,35286000
10,0.2,0.1,1,0,1631,36355000
10,0.3,0.1,1,0,2851,38241000
10,0.4,0.1,1,0,3938,38098000
10,0.5,0.1,1,0,4307,75848000
10,0.6,0.1,1,0,7955,38555000
10,0.7,0.1,1,0,20545,42518000
10,0.8,0.1,1,0,44757,45263000
10,0.9,0.1,1,0,138977,58883000
10,0.0,0.2,1,0,1406,37050000
10,0.1,0.2,1,0,1418,36106000
10,0.2,0.2,1,0,1565,34712000
10,0.3,0.2,1,0,3620,52829000
10,0.4,0.2,1,0,3176,36080000
10,0.5,0.2,1,0,5773,36283000
10,0.6,0.2,1,0,11604,37499000
10,0.7,0.2,1,0,19485,55964000
10,0.8,0.2,1,0,58015,46598000
10,0.9,0.2,1,0,220478,94116000
10,0.0,0.3,1,0,1761,49771000
10,0.1,0.3,1,0,1900,39247000
10,0.2,0.3,1,0,3091,37597000
10,0.3,0.3,1,0,3787,34963000
10,0.4,0.3,1,0,6221,37039000
10,0.5,0.3,1,0,7453,39134000
10,0.6,0.3,1,0,20682,42586000
10,0.7,0.3,1,0,25565,40201000
10,0.8,0.3,1,0,63940,43631000
10,0.9,0.3,1,0,282747,76879000
10,0.0,0.4,1,0,1788,46424000
10,0.1,0.4,1,0,3034,35325000
10,0.2,0.4,1,0,3549,33905000
10,0.3,0.4,1,0,6122,32822000
10,0.4,0.4,1,0,8050,38947000
10,0.5,0.4,1,0,11010,36207000
10,0.6,0.4,1,0,20475,38602000
10,0.7,0.4,1,0,42073,53500000
10,0.8,0.4,1,0,118274,51796000
10,0.9,0.4,1,0,260570,68027000
10,0.0,0.5,1,0,3949,33804000
10,0.1,0.5,1,0,5515,33727000
10,0.2,0.5,1,0,6762,37820000
10,0.3,0.5,1,0,9568,38582000
10,0.4,0.5,1,0,11507,33969000
10,0.5,0.5,1,0,13576,34647000
10,0.6,0.5,1,0,30867,48342000
10,0.7,0.5,1,0,39872,43786000
10,0.8,0.5,1,0,149580,56179000
10,0.9,0.5,1,0,432706,102953000
10,0.0,0.6,1,0,8435,38206000
10,0.1,0.6,1,0,8371,34598000
10,0.2,0.6,1,0,8694,36612000
10,0.3,0.6,1,0,11864,36636000
10,0.4,0.6,1,0,28814,39390000
10,0.5,0.6,1,0,30369,37229000
10,0.6,0.6,1,0,54079,45656000
10,0.7,0.6,1,0,125137,56544000
10,0.8,0.6,1,0,234500,68900000
10,0.9,0.6,1,0,812295,103102000
10,0.0,0.7,1,0,12142,40425000
10,0.1,0.7,1,0,16056,37213000
10,0.2,0.7,1,0,26991,42523000
10,0.3,0.7,1,0,27672,46986000
10,0.4,0.7,1,0,36748,46030000
10,0.5,0.7,1,0,61512,51337000
10,0.6,0.7,1,0,86643,50690000
10,0.7,0.7,1,0,106260,51554000
10,0.8,0.7,1,0,418907,103447000
10,0.9,0.7,1,0,1467398,117890000
10,0.0,0.8,1,0,31743,43296000
10,0.1,0.8,1,0,33590,42122000
10,0.2,0.8,1,0,41733,42293000
10,0.3,0.8,1,0,63152,49377000
10,0.4,0.8,1,0,96501,61262000
10,0.5,0.8,1,0,102513,55517000
10,0.6,0.8,1,0,261149,85891000
10,0.7,0.8,1,0,372142,91277000
10,0.8,0.8,1,0,852267,105735000
10,0.9,0.8,1,0,3590650,170234000
10,0.0,0.9,1,0,97378,86667000
10,0.1,0.9,1,0,124208,66036000
10,0.2,0.9,1,0,248737,90466000
10,0.3,0.9,1,0,246131,92142000
10,0.4,0.9,1,0,328352,111048000
10,0.5,0.9,1,0,410614,107736000
10,0.6,0.9,1,0,784114,142830000
10,0.7,0.9,1,0,1416392,143804000
10,0.8,0.9,1,0,2644452,163361000
10,0.9,0.9,1,0,11941912,270806000
10,0.0,0.0,2,0,374,29831000
10,0.1,0.0,2,0,668,31617000
10,0.2,0.0,2,0,683,29555000
10,0.3,0.0,2,0,999,29472000
10,0.4,0.0,2,0,1262,31976000
10,0.5,0.0,2,0,2088,30118000
10,0.6,0.0,2,0,2975,30832000
10,0.7,0.0,2,0,5803,31327000
10,0.8,0.0,2,0,13304,43395000
10,0.9,0.0,2,0,42645,41880000
10,0.0,0.1,2,0,489,39314000
10,0.1,0.1,2,0,738,37926000
10,0.2,0.1,2,0,731,35576000
10,0.3,0.1,2,0,1078,54527000
10,0.4,0.1,2,0,2213,37698000
10,0.5,0.1,2,0,2092,38061000
10,0.6,0.1,2,0,3398,35750000
10,0.7,0.1,2,0,7437,41586000
10,0.8,0.1,2,0,17810,40000000
10,0.9,0.1,2,0,72751,56226000
10,0.0,0.2,2,0,634,46501000
10,0.1,0.2,2,0,922,37835000
10,0.2,0.2,2,0,1220,38947000
10,0.3,0.2,2,0,1443,37190000
10,0.4,0.2,2,0,2605,39510000
10,0.5,0.2,2,0,4460,41215000
10,0.6,0.2,2,0,7930,41756000
10,0.7,0.2,2,0,10594,39520000
10,0.8,0.2,2,0,15088,43872000
10,0.9,0.2,2,0,56117,51337000
10,0.0,0.3,2,0,1164,40597000
10,0.1,0.3,2,0,1510,36464000
10,0.2,0.3,2,0,1542,38078000
10,0.3,0.3,2,0,2146,40364000
10,0.4,0.3,2,0,4384,39397000
10,0.5,0.3,2,0,5227,43148000
10,0.6,0.3,2,0,5819,43004000
10,0.7,0.3,2,0,14943,46619000
10,0.8,0.3,2,0,35996,52714000
10,0.9,0.3,2,0,71669,58669000
10,0.0,0.4,2,0,1795,40846000
10,0.1,0.4,2,0,1707,40153000
10,0.2,0.4,2,0,2154,35536000
10,0.3,0.4,2,0,3283,38954000
10,0.4,0.4,2,0,5351,42821000
10,0.5,0.4,2,0,3653,43416000
10,0.6,0.4,2,0,13583,44066000
10,0.7,0.4,2,0,14429,41916000
10,0.8,0.4,2,0,43992,51770000
10,0.9,0.4,2,0,92471,59342000
10,0.0,0.5,2,0,1777,38714000
10,0.1,0.5,2,0,2761,44041000
10,0.2,0.5,2,0,2872,40742000
10,0.3,0.5,2,0,4162,40321000
10,0.4,0.5,2,0,5444,38193000
10,0.5,0.5,2,0,7994,39330000
10,0.6,0.5,2,0,9138,44023000
10,0.7,0.5,2,0,20332,46625000
10,0.8,0.5,2,0,55062,53671000
10,0.9,0.5,2,0,234102,78493000
10,0.0,0.6,2,0,4008,55350000
10,0.1,0.6,2,0,5018,41196000
10,0.2,0.6,2,0,6864,42036000
10,0.3,0.6,2,0,6466,39573000
10,0.4,0.6,2,0,15060,46191000
10,0.5,0.6,2,0,9490,42841000
10,0.6,0.6,2,0,31122,47712000
10,0.7,0.6,2,0,40258,48547000
10,0.8,0.6,2,0,47193,52790000
10,0.9,0.6,2,0,415399,101004000
10,0.0,0.7,2,0,5268,39855000
10,0.1,0.7,2,0,7334,43536000
10,0.2,0.7,2,0,5155,44277000
10,0.3,0.7,2,0,15123,43945000
10,0.4,0.7,2,0,12914,41824000
10,0.5,0.7,2,0,20272,53159000
10,0.6,0.7,2,0,48168,57156000
10,0.7,0.7,2,0,70561,59775000
10,0.8,0.7,2,0,126755,76393000
10,0.9,0.7,2,0,272617,94821000
10,0.0,0.8,2,0,14586,53229000
10,0.1,0.8,2,0,17043,53323000
10,0.2,0.8,2,0,16499,56891000
10,0.3,0.8,2,0,37008,59478000
10,0.4,0.8,2,0,46892,57647000
10,0.5,0.8,2,0,73416,65578000
10,0.6,0.8,2,0,78919,62960000
10,0.7,0.8,2,0,169778,78111000
10,0.8,0.8,2,0,355452,106810000
10,0.9,0.8,2,0,911538,122543000
10,0.0,0.9,2,0,65127,71329000
10,0.1,0.9,2,0,57702,59922000
10,0.2,0.9,2,0,75173,71448000
10,0.3,0.9,2,0,70408,63326000
10,0.4,0.9,2,0,122270,77137000
10,0.5,0.9,2,0,193702,92003000
10,0.6,0.9,2,0,174317,86210000
10,0.7,0.9,2,0,868724,164625000
10,0.8,0.9,2,0,985252,140850000
10,0.9,0.9,2,0,4063345,216735000
10,0.0,0.0,3,0,389,39110000
10,0.1,0.0,3,0,613,38019000
10,0.2,0.0,3,0,1087,41432000
10,0.3,0.0,3,0,1066,41914000
10,0.4,0.0,3,0,1145,35503000
10,0.5,0.0,3,0,2213,38036000
10,0.6,0.0,3,0,1445,36914000
10,0.7,0.0,3,0,3452,41020000
10,0.8,0.0,3,0,11966,38882000
10,0.9,0.0,3,0,28557,44396000
10,0.0,0.1,3,0,523,37678000
10,0.1,0.1,3,0,1062,41366000
10,0.2,0.1,3,0,1117,47201000
10,0.3,0.1,3,0,1370,39448000
10,0.4,0.1,3,0,2039,37840000
10,0.5,0.1,3,0,2014,37161000
10,0.6,0.1,3,0,2721,39375000
10,0.7,0.1,3,0,4924,42490000
10,0.8,0.1,3,0,8329,44464000
10,0.9,0.1,3,0,65820,53234000
10,0.0,0.2,3,0,1019,38230000
10,0.1,0.2,3,0,1330,39134000
10,0.2,0.2,3,0,1556,38984000
10,0.3,0.2,3,0,1486,40314000
10,0.4,0.2,3,0,2268,43129000
10,0.5,0.2,3,0,1704,39562000
10,0.6,0.2,3,0,3309,37439000
10,0.7,0.2,3,0,6785,39239000
10,0.8,0.2,3,0,12521,38228000
10,0.9,0.2,3,0,65189,51155000
10,0.0,0.3,3,0,1316,38354000
10,0.1,0.3,3,0,1140,37613000
10,0.2,0.3,3,0,1890,38329000
10,0.3,0.3,3,0,1868,36624000
10,0.4,0.3,3,0,2076,40329000
10,0.5,0.3,3,0,1579,40619000
10,0.6,0.3,3,0,6414,40470000
10,0.7,0.3,3,0,10487,41095000
10,0.8,0.3,3,0,14819,43907000
10,0.9,0.3,3,0,90944,57285000
10,0.0,0.4,3,0,1728,37783000
10,0.1,0.4,3,0,1558,38646000
10,0.2,0.4,3,0,1834,39311000
10,0.3,0.4,3,0,2308,40882000
10,0.4,0.4,3,0,3943,37206000
10,0.5,0.4,3,0,5082,38587000
10,0.6,0.4,3,0,6517,40370000
10,0.7,0.4,3,0,8960,40047000
10,0.8,0.4,3,0,21418,45008000
10,0.9,0.4,3,0,58307,53536000
10,0.0,0.5,3,0,2158,39102000
10,0.1,0.5,3,0,1919,37995000
10,0.2,0.5,3,0,2165,37392000
10,0.3,0.5,3,0,2987,45027000
10,0.4,0.5,3,0,2935,39968000
10,0.5,0.5,3,0,6971,38748000
10,0.6,0.5,3,0,10506,38404000
10,0.7,0.5,3,0,12491,41758000
10,0.8,0.5,3,0,33309,46876000
10,0.9,0.5,3,0,155085,66801000
10,0.0,0.6,3,0,4093,42402000
10,0.1,0.6,3,0,2497,40910000
10,0.2,0.6,3,0,3479,37472000
10,0.3,0.6,3,0,4499,46914000
10,0.4,0.6,3,0,10973,46759000
10,0.5,0.6,3,0,13252,55704000
10,0.6,0.6,3,0,10067,42639000
10,0.7,0.6,3,0,23869,44102000
10,0.8,0.6,3,0,50181,52251000
10,0.9,0.6,3,0,155940,70739000
10,0.0,0.7,3,0,3490,40870000
10,0.1,0.7,3,0,4332,39823000
10,0.2,0.7,3,0,6261,40196000
10,0.3,0.7,3,0,11910,42811000
10,0.4,0.7,3,0,10019,43272000
10,0.5,0.7,3,0,16345,46353000
10,0.6,0.7,3,0,32208,50678000
10,0.7,0.7,3,0,31227,48925000
10,0.8,0.7,3,0,81969,60910000
10,0.9,0.7,3,0,413283,100786000
10,0.0,0.8,3,0,8080,41182000
10,0.1,0.8,3,0,7119,43968000
10,0.2,0.8,3,0,17408,50391000
10,0.3,0.8,3,0,31701,52173000
10,0.4,0.8,3,0,30847,50564000
10,0.5,0.8,3,0,20480,48366000
10,0.6,0.8,3,0,39040,57905000
10,0.7,0.8,3,0,122549,85365000
10,0.8,0.8,3,0,95152,61316000
10,0.9,0.8,3,0,643569,110850000
10,0.0,0.9,3,0,25850,53008000
10,0.1,0.9,3,0,37953,52300000
10,0.2,0.9,3,0,61465,56678000
10,0.3,0.9,3,0,59908,61901000
10,0.4,0.9,3,0,76238,64277000
10,0.5,0.9,3,0,132381,79817000
10,0.6,0.9,3,0,190795,88089000
10,0.7,0.9,3,0,262973,98745000
10,0.8,0.9,3,0,523916,119906000
10,0.9,0.9,3,0,2584664,182443000
10,0.0,0.0,4,0,496,41048000
10,0.1,0.0,4,0,472,38905000
10,0.2,0.0,4,0,1364,37420000
10,0.3,0.0,4,0,735,36297000
10,0.4,0.0,4,0,1014,45748000
10,0.5,0.0,4,0,1567,39780000
10,0.6,0.0,4,0,2750,41808000
10,0.7,0.0,4,0,3721,46958000
10,0.8,0.0,4,0,5822,41166000
10,0.9,0.0,4,0,31722,46313000
10,0.0,0.1,4,0,1016,45469000
10,0.1,0.1,4,0,755,36438000
10,0.2,0.1,4,0,980,37229000
10,0.3,0.1,4,0,983,37472000
10,0.4,0.1,4,0,2097,38498000
10,0.5,0.1,4,0,2631,40225000
10,0.6,0.1,4,0,3458,46018000
10,0.7,0.1,4,0,4163,46231000
10,0.8,0.1,4,0,17848,42586000
10,0.9,0.1,4,0,23005,43703000
10,0.0,0.2,4,0,866,39337000
10,0.1,0.2,4,0,1715,41585000
10,0.2,0.2,4,0,1676,46792000
10,0.3,0.2,4,0,1076,38737000
10,0.4,0.2,4,0,2599,40629000
10,0.5,0.2,4,0,2207,43602000
10,0.6,0.2,4,0,4365,42736000
10,0.7,0.2,4,0,6798,40619000
10,0.8,0.2,4,0,8807,38963000
10,0.9,0.2,4,0,75689,55817000
10,0.0,0.3,4,0,1203,44338000
10,0.1,0.3,4,0,1557,35679000
10,0.2,0.3,4,0,2157,39997000
10,0.3,0.3,4,0,1945,39930000
10,0.4,0.3,4,0,1716,38465000
10,0.5,0.3,4,0,3594,38704000
10,0.6,0.3,4,0,6852,42034000
10,0.7,0.3,4,0,6070,42156000
10,0.8,0.3,4,0,42085,46193000
10,0.9,0.3,4,0,46737,52117000
10,0.0,0.4,4,0,2114,36875000
10,0.1,0.4,4,0,1585,38314000
10,0.2,0.4,4,0,1863,42380000
10,0.3,0.4,4,0,2066,38485000
10,0.4,0.4,4,0,2733,43871000
10,0.5,0.4,4,0,4144,40514000
10,0.6,0.4,4,0,8084,38661000
10,0.7,0.4,4,0,4901,39729000
10,0.8,0.4,4,0,18378,43872000
10,0.9,0.4,4,0,42766,50268000
10,0.0,0.5,4,0,2218,38508000
10,0.1,0.5,4,0,1850,40275000
10,0.2,0.5,4,0,2756,39193000
10,0.3,0.5,4,0,6406,41417000
10,0.4,0.5,4,0,1632,35485000
10,0.5,0.5,4,0,5102,39339000
10,0.6,0.5,4,0,11088,41414000
10,0.7,0.5,4,0,22405,44004000
10,0.8,0.5,4,0,31771,45530000
10,0.9,0.5,4,0,92277,59392000
10,0.0,0.6,4,0,1048,38710000
10,0.1,0.6,4,0,3450,38574000
10,0.2,0.6,4,0,2306,36358000
10,0.3,0.6,4,0,3546,41186000
10,0.4,0.6,4,0,2482,41731000
10,0.5,0.6,4,0,5755,49174000
10,0.6,0.6,4,0,6007,44903000
10,0.7,0.6,4,0,18272,54756000
10,0.8,0.6,4,0,39541,62784000
10,0.9,0.6,4,0,223912,76288000
10,0.0,0.7,4,0,6073,46601000
10,0.1,0.7,4,0,5029,44713000
10,0.2,0.7,4,0,4976,46749000
10,0.3,0.7,4,0,4983,53080000
10,0.4,0.7,4,0,12024,54944000
10,0.5,0.7,4,0,31345,43746000
10,0.6,0.7,4,0,14470,43267000
10,0.7,0.7,4,0,40997,56709000
10,0.8,0.7,4,0,53331,64728000
10,0.9,0.7,4,0,418421,96901000
10,0.0,0.8,4,0,5457,47390000
10,0.1,0.8,4,0,11151,47159000
10,0.2,0.8,4,0,21341,48759000
10,0.3,0.8,4,0,23864,59193000
10,0.4,0.8,4,0,18203,52444000
10,0.5,0.8,4,0,22516,48553000
10,0.6,0.8,4,0,23129,49831000
10,0.7,0.8,4,0,93892,67425000
10,0.8,0.8,4,0,153763,71094000
10,0.9,0.8,4,0,860496,121306000
10,0.0,0.9,4,0,18488,49198000
10,0.1,0.9,4,0,44317,64020000
10,0.2,0.9,4,0,48790,66204000
10,0.3,0.9,4,0,50092,61109000
10,0.4,0.9,4,0,47892,56505000
10,0.5,0.9,4,0,119493,73088000
10,0.6,0.9,4,0,226996,107249000
10,0.7,0.9,4,0,141768,75313000
10,0.8,0.9,4,0,873917,136267000
10,0.9,0.9,4,0,1538384,148920000
10,0.0,0.0,5,0,445,40159000
10,0.1,0.0,5,0,1113,40537000
10,0.2,0.0,5,0,1561,39645000
10,0.3,0.0,5,0,1373,39367000
10,0.4,0.0,5,0,1621,42097000
10,0.5,0.0,5,0,919,40400000
10,0.6,0.0,5,0,1232,34904000
10,0.7,0.0,5,0,6856,46058000
10,0.8,0.0,5,0,6234,38447000
10,0.9,0.0,5,0,19544,41041000
10,0.0,0.1,5,0,830,38490000
10,0.1,0.1,5,0,1589,37299000
10,0.2,0.1,5,0,1626,40050000
10,0.3,0.1,5,0,1900,41261000
10,0.4,0.1,5,0,2022,40080000
10,0.5,0.1,5,0,2383,39396000
10,0.6,0.1,5,0,5697,48116000
10,0.7,0.1,5,0,4738,38598000
10,0.8,0.1,5,0,14003,43768000
10,0.9,0.1,5,0,29156,43487000
10,0.0,0.2,5,0,1394,37010000
10,0.1,0.2,5,0,2477,36566000
10,0.2,0.2,5,0,1246,38713000
10,0.3,0.2,5,0,988,41405000
10,0.4,0.2,5,0,1749,49433000
10,0.5,0.2,5,0,2161,42647000
10,0.6,0.2,5,0,5823,40700000
10,0.7,0.2,5,0,4920,43784000
10,0.8,0.2,5,0,16817,41236000
10,0.9,0.2,5,0,27902,43809000
10,0.0,0.3,5,0,1729,38764000
10,0.1,0.3,5,0,2105,37990000
10,0.2,0.3,5,0,1214,37370000
10,0.3,0.3,5,0,1214,40009000
10,0.4,0.3,5,0,2790,37318000
10,0.5,0.3,5,0,3899,39290000
10,0.6,0.3,5,0,4428,38940000
10,0.7,0.3,5,0,6550,38973000
10,0.8,0.3,5,0,15467,41839000
10,0.9,0.3,5,0,40278,48878000
10,0.0,0.4,5,0,1432,44445000
10,0.1,0.4,5,0,1523,43907000
10,0.2,0.4,5,0,1589,45414000
10,0.3,0.4,5,0,1696,37341000
10,0.4,0.4,5,0,3812,37263000
10,0.5,0.4,5,0,2630,42550000
10,0.6,0.4,5,0,5925,42120000
10,0.7,0.4,5,0,8355,41136000
10,0.8,0.4,5,0,46327,43879000
10,0.9,0.4,5,0,60713,52068000
10,0.0,0.5,5,0,2590,40220000
10,0.1,0.5,5,0,2035,39341000
10,0.2,0.5,5,0,2862,41088000
10,0.3,0.5,5,0,4763,38495000
10,0.4,0.5,5,0,4035,42011000
10,0.5,0.5,5,0,6567,43817000
10,0.6,0.5,5,0,11055,45415000
10,0.7,0.5,5,0,35365,45905000
10,0.8,0.5,5,0,25417,44874000
10,0.9,0.5,5,0,81832,57127000
10,0.0,0.6,5,0,2877,37209000
10,0.1,0.6,5,0,1893,36261000
10,0.2,0.6,5,0,2572,35718000
10,0.3,0.6,5,0,4184,49791000
10,0.4,0.6,5,0,5485,40023000
10,0.5,0.6,5,0,5869,39303000
10,0.6,0.6,5,0,14755,48786000
10,0.7,0.6,5,0,36991,46833000
10,0.8,0.6,5,0,41067,56677000
10,0.9,0.6,5,0,464394,81230000
10,0.0,0.7,5,0,6780,38806000
10,0.1,0.7,5,0,6461,40149000
10,0.2,0.7,5,0,7868,47827000
10,0.3,0.7,5,0,6587,44752000
10,0.4,0.7,5,0,9992,43716000
10,0.5,0.7,5,0,10324,48210000
10,0.6,0.7,5,0,25570,51555000
10,0.7,0.7,5,0,14156,43104000
10,0.8,0.7,5,0,65287,54017000
10,0.9,0.7,5,0,235252,82823000
10,0.0,0.8,5,0,12445,46552000
10,0.1,0.8,5,0,11246,44075000
10,0.2,0.8,5,0,11747,42492000
10,0.3,0.8,5,0,10128,39857000
10,0.4,0.8,5,0,23922,47195000
10,0.5,0.8,5,0,31607,49833000
10,0.6,0.8,5,0,44591,53150000
10,0.7,0.8,5,0,116844,61855000
10,0.8,0.8,5,0,198274,88022000
10,0.9,0.8,5,0,278486,84434000
10,0.0,0.9,5,0,27580,55770000
10,0.1,0.9,5,0,26616,50723000
10,0.2,0.9,5,0,34164,53382000
10,0.3,0.9,5,0,33039,56826000
10,0.4,0.9,5,0,50379,55023000
10,0.5,0.9,5,0,46183,53741000
10,0.6,0.9,5,0,135333,75497000
10,0.7,0.9,5,0,161989,77293000
10,0.8,0.9,5,0,566113,121704000
10,0.9,0.9,5,0,2374998,143152000
10,0.0,0.0,6,0,528,41878000
10,0.1,0.0,6,0,1325,39650000
10,0.2,0.0,6,0,1486,36094000
10,0.3,0.0,6,0,2277,39944000
10,0.4,0.0,6,0,2295,37858000
10,0.5,0.0,6,0,1503,37397000
10,0.6,0.0,6,0,2685,44912000
10,0.7,0.0,6,0,5661,41373000
10,0.8,0.0,6,0,7653,43093000
10,0.9,0.0,6,0,39473,52731000
10,0.0,0.1,6,0,764,37433000
10,0.1,0.1,6,0,871,37013000
10,0.2,0.1,6,0,1841,46788000
10,0.3,0.1,6,0,1393,40292000
10,0.4,0.1,6,0,1362,39747000
10,0.5,0.1,6,0,2019,38576000
10,0.6,0.1,6,0,2017,39908000
10,0.7,0.1,6,0,6637,36980000
10,0.8,0.1,6,0,7478,39224000
10,0.9,0.1,6,0,36705,47404000
10,0.0,0.2,6,0,1933,38212000
10,0.1,0.2,6,0,1905,35874000
10,0.2,0.2,6,0,2466,36176000
10,0.3,0.2,6,0,1531,44115000
10,0.4,0.2,6,0,2777,41966000
10,0.5,0.2,6,0,4247,36900000
10,0.6,0.2,6,0,2400,38758000
10,0.7,0.2,6,0,5555,39966000
10,0.8,0.2,6,0,6981,39138000
10,0.9,0.2,6,0,43760,47072000
10,0.0,0.3,6,0,1248,50917000
10,0.1,0.3,6,0,2207,42967000
10,0.2,0.3,6,0,1598,39167000
10,0.3,0.3,6,0,2246,38927000
10,0.4,0.3,6,0,4369,39377000
10,0.5,0.3,6,0,6521,43601000
10,0.6,0.3,6,0,5928,39059000
10,0.7,0.3,6,0,7796,39999000
10,0.8,0.3,6,0,13232,41329000
10,0.9,0.3,6,0,25565,41556000
10,0.0,0.4,6,0,1014,42320000
10,0.1,0.4,6,0,1886,38384000
10,0.2,0.4,6,0,2145,39341000
10,0.3,0.4,6,0,2985,37182000
10,0.4,0.4,6,0,3548,36232000
10,0.5,0.4,6,0,7586,39684000
10,0.6,0.4,6,0,5076,39725000
10,0.7,0.4,6,0,20876,44684000
10,0.8,0.4,6,0,15619,41228000
10,0.9,0.4,6,0,46429,47504000
10,0.0,0.5,6,0,2756,38529000
10,0.1,0.5,6,0,2559,40013000
10,0.2,0.5,6,0,2634,38325000
10,0.3,0.5,6,0,2129,39673000
10,0.4,0.5,6,0,7315,39231000
10,0.5,0.5,6,0,8523,40053000
10,0.6,0.5,6,0,11366,46520000
10,0.7,0.5,6,0,13677,43164000
10,0.8,0.5,6,0,21819,51259000
10,0.9,0.5,6,0,45696,47903000
10,0.0,0.6,6,0,4542,41688000
10,0.1,0.6,6,0,4011,46459000
10,0.2,0.6,6,0,4217,36972000
10,0.3,0.6,6,0,6889,38843000
10,0.4,0.6,6,0,5314,39383000
10,0.5,0.6,6,0,8456,39195000
10,0.6,0.6,6,0,8824,44186000
10,0.7,0.6,6,0,12340,41960000
10,0.8,0.6,6,0,33468,47717000
10,0.9,0.6,6,0,179384,69924000
10,0.0,0.7,6,0,4249,38220000
10,0.1,0.7,6,0,6331,40407000
10,0.2,0.7,6,0,8689,44294000
10,0.3,0.7,6,0,7378,47073000
10,0.4,0.7,6,0,10073,44281000
10,0.5,0.7,6,0,12649,43552000
10,0.6,0.7,6,0,17001,41445000
10,0.7,0.7,6,0,52928,51597000
10,0.8,0.7,6,0,65727,56038000
10,0.9,0.7,6,0,171463,74599000
10,0.0,0.8,6,0,6049,40815000
10,0.1,0.8,6,0,6752,41985000
10,0.2,0.8,6,0,9509,41020000
10,0.3,0.8,6,0,14092,43051000
10,0.4,0.8,6,0,25685,49755000
10,0.5,0.8,6,0,25163,46572000
10,0.6,0.8,6,0,25033,46211000
10,0.7,0.8,6,0,58859,57552000
10,0.8,0.8,6,0,101540,63203000
10,0.9,0.8,6,0,653090,98795000
10,0.0,0.9,6,0,25574,51005000
10,0.1,0.9,6,0,18236,46211000
10,0.2,0.9,6,0,18570,50362000
10,0.3,0.9,6,0,112540,67284000
10,0.4,0.9,6,0,74305,76376000
10,0.5,0.9,6,0,63251,62206000
10,0.6,0.9,6,0,152830,89274000
10,0.7,0.9,6,0,195278,94526000
10,0.8,0.9,6,0,253436,87693000
10,0.9,0.9,6,0,1792790,173957000
10,0.0,0.0,7,0,471,40308000
10,0.1,0.0,7,0,1276,39359000
10,0.2,0.0,7,0,1000,39082000
10,0.3,0.0,7,0,1350,37013000
10,0.4,0.0,7,0,2009,41548000
10,0.5,0.0,7,0,2029,39492000
10,0.6,0.0,7,0,2940,38413000
10,0.7,0.0,7,0,8433,37877000
10,0.8,0.0,7,0,7732,37592000
10,0.9,0.0,7,0,25554,45658000
10,0.0,0.1,7,0,1687,40831000
10,0.1,0.1,7,0,1427,40975000
10,0.2,0.1,7,0,1824,39702000
10,0.3,0.1,7,0,2779,36727000
10,0.4,0.1,7,0,2272,40802000
10,0.5,0.1,7,0,2499,38347000
10,0.6,0.1,7,0,5003,38567000
10,0.7,0.1,7,0,10505,40471000
10,0.8,0.1,7,0,8733,40433000
10,0.9,0.1,7,0,32299,56684000
10,0.0,0.2,7,0,928,40130000
10,0.1,0.2,7,0,1805,41327000
10,0.2,0.2,7,0,871,41347000
10,0.3,0.2,7,0,2409,38572000
10,0.4,0.2,7,0,2578,37767000
10,0.5,0.2,7,0,4342,38830000
10,0.6,0.2,7,0,4600,37866000
10,0.7,0.2,7,0,7535,42212000
10,0.8,0.2,7,0,26568,40701000
10,0.9,0.2,7,0,33383,46720000
10,0.0,0.3,7,0,1456,38536000
10,0.1,0.3,7,0,1816,39551000
10,0.2,0.3,7,0,1957,39280000
10,0.3,0.3,7,0,2452,37046000
10,0.4,0.3,7,0,2295,36681000
10,0.5,0.3,7,0,5776,41050000
10,0.6,0.3,7,0,6134,41317000
10,0.7,0.3,7,0,6654,39634000
10,0.8,0.3,7,0,26274,45749000
10,0.9,0.3,7,0,17833,39989000
10,0.0,0.4,7,0,2030,36658000
10,0.1,0.4,7,0,2243,41019000
10,0.2,0.4,7,0,3556,39496000
10,0.3,0.4,7,0,4101,41232000
10,0.4,0.4,7,0,2349,39594000
10,0.5,0.4,7,0,8291,39981000
10,0.6,0.4,7,0,7424,41315000
10,0.7,0.4,7,0,7622,38323000
10,0.8,0.4,7,0,27889,44422000
10,0.9,0.4,7,0,49678,49592000
10,0.0,0.5,7,0,3291,36689000
10,0.1,0.5,7,0,2894,36402000
10,0.2,0.5,7,0,3895,38987000
10,0.3,0.5,7,0,2202,37769000
10,0.4,0.5,7,0,4142,38932000
10,0.5,0.5,7,0,5843,42712000
10,0.6,0.5,7,0,19184,47517000
10,0.7,0.5,7,0,12697,42991000
10,0.8,0.5,7,0,15632,44230000
10,0.9,0.5,7,0,63668,53705000
10,0.0,0.6,7,0,3748,36885000
10,0.1,0.6,7,0,3852,38096000
10,0.2,0.6,7,0,4529,40423000
10,0.3,0.6,7,0,6274,40874000
10,0.4,0.6,7,0,4289,41169000
10,0.5,0.6,7,0,13146,48141000
10,0.6,0.6,7,0,14410,41697000
10,0.7,0.6,7,0,19910,44991000
10,0.8,0.6,7,0,50812,51910000
10,0.9,0.6,7,0,171253,67266000
10,0.0,0.7,7,0,5127,39075000
10,0.1,0.7,7,0,4619,38291000
10,0.2,0.7,7,0,4755,37587000
10,0.3,0.7,7,0,8817,44967000
10,0.4,0.7,7,0,13491,47819000
10,0.5,0.7,7,0,5849,50427000
10,0.6,0.7,7,0,54970,49069000
10,0.7,0.7,7,0,20668,42527000
10,0.8,0.7,7,0,69258,51426000
10,0.9,0.7,7,0,98583,57975000
10,0.0,0.8,7,0,12431,49134000
10,0.1,0.8,7,0,26313,49843000
10,0.2,0.8,7,0,21887,44484000
10,0.3,0.8,7,0,14031,45994000
10,0.4,0.8,7,0,23846,46231000
10,0.5,0.8,7,0,22077,49478000
10,0.6,0.8,7,0,32987,48009000
10,0.7,0.8,7,0,98030,69237000
10,0.8,0.8,7,0,194171,72097000
10,0.9,0.8,7,0,370594,88551000
10,0.0,0.9,7,0,28198,44650000
10,0.1,0.9,7,0,15949,51207000
10,0.2,0.9,7,0,18512,54855000
10,0.3,0.9,7,0,40529,56248000
10,0.4,0.9,7,0,53776,71386000
10,0.5,0.9,7,0,67832,56734000
10,0.6,0.9,7,0,117525,64282000
10,0.7,0.9,7,0,232155,92323000
10,0.8,0.9,7,0,262911,94127000
10,0.9,0.9,7,0,672593,124587000
10,0.0,0.0,8,0,592,45111000
10,0.1,0.0,8,0,2295,39274000
10,0.2,0.0,8,0,1896,40356000
10,0.3,0.0,8,0,1674,41168000
10,0.4,0.0,8,0,1454,37833000
10,0.5,0.0,8,0,2269,42560000
10,0.6,0.0,8,0,4891,37524000
10,0.7,0.0,8,0,3661,36560000
10,0.8,0.0,8,0,5443,39632000
10,0.9,0.0,8,0,9376,38870000
10,0.0,0.1,8,0,1715,37661000
10,0.1,0.1,8,0,1453,42290000
10,0.2,0.1,8,0,1927,44174000
10,0.3,0.1,8,0,2008,38798000
10,0.4,0.1,8,0,4009,36922000
10,0.5,0.1,8,0,4532,44641000
10,0.6,0.1,8,0,3991,38328000
10,0.7,0.1,8,0,10234,41374000
10,0.8,0.1,8,0,11975,39560000
10,0.9,0.1,8,0,38829,46606000
10,0.0,0.2,8,0,2014,37616000
10,0.1,0.2,8,0,1410,42028000
10,0.2,0.2,8,0,2470,47409000
10,0.3,0.2,8,0,2365,44394000
10,0.4,0.2,8,0,3313,37455000
10,0.5,0.2,8,0,3384,38509000
10,0.6,0.2,8,0,3432,36445000
10,0.7,0.2,8,0,14856,42606000
10,0.8,0.2,8,0,29271,43824000
10,0.9,0.2,8,0,20878,43395000
10,0.0,0.3,8,0,2360,42514000
10,0.1,0.3,8,0,1720,38170000
10,0.2,0.3,8,0,1052,39956000
10,0.3,0.3,8,0,3222,37855000
10,0.4,0.3,8,0,5208,40192000
10,0.5,0.3,8,0,5388,39101000
10,0.6,0.3,8,0,8556,40640000
10,0.7,0.3,8,0,10207,40113000
10,0.8,0.3,8,0,12526,42960000
10,0.9,0.3,8,0,35879,44392000
10,0.0,0.4,8,0,1963,38120000
10,0.1,0.4,8,0,2818,38542000
10,0.2,0.4,8,0,2454,40384000
10,0.3,0.4,8,0,3792,41886000
10,0.4,0.4,8,0,4736,46969000
10,0.5,0.4,8,0,3930,39662000
10,0.6,0.4,8,0,7765,42874000
10,0.7,0.4,8,0,6576,40960000
10,0.8,0.4,8,0,56528,44362000
10,0.9,0.4,8,0,44451,47044000
10,0.0,0.5,8,0,3668,37869000
10,0.1,0.5,8,0,3244,40044000
10,0.2,0.5,8,0,4483,39969000
10,0.3,0.5,8,0,5918,38950000
10,0.4,0.5,8,0,7024,41397000
10,0.5,0.5,8,0,7483,40542000
10,0.6,0.5,8,0,10831,42234000
10,0.7,0.5,8,0,33210,43318000
10,0.8,0.5,8,0,15261,42641000
10,0.9,0.5,8,0,46210,46550000
10,0.0,0.6,8,0,3321,40022000
10,0.1,0.6,8,0,4863,40531000
10,0.2,0.6,8,0,6199,39742000
10,0.3,0.6,8,0,4463,42048000
10,0.4,0.6,8,0,10218,40557000
10,0.5,0.6,8,0,9007,44469000
10,0.6,0.6,8,0,12494,42778000
10,0.7,0.6,8,0,12313,40805000
10,0.8,0.6,8,0,25327,41716000
10,0.9,0.6,8,0,101190,54660000
10,0.0,0.7,8,0,8307,40886000
10,0.1,0.7,8,0,12685,44659000
10,0.2,0.7,8,0,3969,39026000
10,0.3,0.7,8,0,11867,45239000
10,0.4,0.7,8,0,4799,38823000
10,0.5,0.7,8,0,21391,44574000
10,0.6,0.7,8,0,44077,46539000
10,0.7,0.7,8,0,42135,47761000
10,0.8,0.7,8,0,35965,46781000
10,0.9,0.7,8,0,181664,70189000
10,0.0,0.8,8,0,9583,43911000
10,0.1,0.8,8,0,18665,49431000
10,0.2,0.8,8,0,14049,45129000
10,0.3,0.8,8,0,15643,44637000
10,0.4,0.8,8,0,18155,50919000
10,0.5,0.8,8,0,20377,51014000
10,0.6,0.8,8,0,50100,55321000
10,0.7,0.8,8,0,43901,55074000
10,0.8,0.8,8,0,92813,64067000
10,0.9,0.8,8,0,245956,86728000
10,0.0,0.9,8,0,42937,52526000
10,0.1,0.9,8,0,25586,58122000
10,0.2,0.9,8,0,25762,55323000
10,0.3,0.9,8,0,43502,61375000
10,0.4,0.9,8,0,91400,69039000
10,0.5,0.9,8,0,108210,74236000
10,0.6,0.9,8,0,158049,80627000
10,0.7,0.9,8,0,238394,98471000
10,0.8,0.9,8,0,235624,84134000
10,0.9,0.9,8,0,780935,117353000
10,0.0,0.0,9,0,520,37438000
10,0.1,0.0,9,0,2495,37927000
10,0.2,0.0,9,0,1303,37404000
10,0.3,0.0,9,0,1827,37059000
10,0.4,0.0,9,0,3651,41724000
10,0.5,0.0,9,0,3150,38593000
10,0.6,0.0,9,0,1996,40364000
10,0.7,0.0,9,0,5213,36205000
10,0.8,0.0,9,0,11302,38827000
10,0.9,0.0,9,0,23943,47884000
10,0.0,0.1,9,0,2048,40379000
10,0.1,0.1,9,0,2746,40263000
10,0.2,0.1,9,0,1389,36148000
10,0.3,0.1,9,0,4626,43561000
10,0.4,0.1,9,0,2703,37323000
10,0.5,0.1,9,0,3930,37474000
10,0.6,0.1,9,0,9463,38859000
10,0.7,0.1,9,0,6246,37480000
10,0.8,0.1,9,0,17317,39497000
10,0.9,0.1,9,0,40919,45351000
10,0.0,0.2,9,0,1810,39362000
10,0.1,0.2,9,0,2185,37549000
10,0.2,0.2,9,0,1796,36380000
10,0.3,0.2,9,0,1941,37647000
10,0.4,0.2,9,0,1467,40553000
10,0.5,0.2,9,0,6099,45629000
10,0.6,0.2,9,0,9694,51005000
10,0.7,0.2,9,0,11124,41919000
10,0.8,0.2,9,0,17368,43446000
10,0.9,0.2,9,0,35455,45247000
10,0.0,0.3,9,0,2219,37461000
10,0.1,0.3,9,0,2682,39136000
10,0.2,0.3,9,0,3937,39567000
10,0.3,0.3,9,0,2429,39390000
10,0.4,0.3,9,0,2764,36094000
10,0.5,0.3,9,0,6770,65083000
10,0.6,0.3,9,0,5778,38113000
10,0.7,0.3,9,0,12478,38717000
10,0.8,0.3,9,0,25282,40874000
10,0.9,0.3,9,0,25474,41426000
10,0.0,0.4,9,0,2190,40572000
10,0.1,0.4,9,0,1898,44766000
10,0.2,0.4,9,0,4153,40746000
10,0.3,0.4,9,0,7531,40102000
10,0.4,0.4,9,0,5187,39395000
10,0.5,0.4,9,0,6708,44181000
10,0.6,0.4,9,0,4835,49704000
10,0.7,0.4,9,0,11170,41612000
10,0.8,0.4,9,0,23989,45829000
10,0.9,0.4,9,0,42089,44345000
10,0.0,0.5,9,0,3973,39985000
10,0.1,0.5,9,0,2175,39911000
10,0.2,0.5,9,0,5173,38611000
10,0.3,0.5,9,0,8287,42325000
10,0.4,0.5,9,0,7118,38189000
10,0.5,0.5,9,0,10478,39197000
10,0.6,0.5,9,0,14401,40564000
10,0.7,0.5,9,0,22700,43494000
10,0.8,0.5,9,0,25088,42973000
10,0.9,0.5,9,0,68194,55050000
10,0.0,0.6,9,0,3269,38873000
10,0.1,0.6,9,0,4026,40928000
10,0.2,0.6,9,0,7443,39252000
10,0.3,0.6,9,0,6935,50721000
10,0.4,0.6,9,0,8435,45133000
10,0.5,0.6,9,0,9198,43553000
10,0.6,0.6,9,0,8595,41948000
10,0.7,0.6,9,0,30334,54817000
10,0.8,0.6,9,0,26876,52311000
10,0.9,0.6,9,0,97844,59716000
10,0.0,0.7,9,0,5314,45491000
10,0.1,0.7,9,0,7370,45005000
10,0.2,0.7,9,0,8909,43980000
10,0.3,0.7,9,0,6720,40877000
10,0.4,0.7,9,0,18808,41511000
10,0.5,0.7,9,0,13915,41281000
10,0.6,0.7,9,0,9360,42609000
10,0.7,0.7,9,0,47969,48952000
10,0.8,0.7,9,0,89225,57623000
10,0.9,0.7,9,0,152839,69865000
10,0.0,0.8,9,0,9396,43441000
10,0.1,0.8,9,0,18827,47464000
10,0.2,0.8,9,0,22626,48399000
10,0.3,0.8,9,0,11190,42621000
10,0.4,0.8,9,0,38630,54587000
10,0.5,0.8,9,0,24131,46250000
10,0.6,0.8,9,0,32169,51454000
10,0.7,0.8,9,0,70836,53904000
10,0.8,0.8,9,0,93013,61394000
10,0.9,0.8,9,0,587119,107102000
10,0.0,0.9,9,0,30303,54087000
10,0.1,0.9,9,0,45213,57886000
10,0.2,0.9,9,0,55054,55508000
10,0.3,0.9,9,0,46976,55027000
10,0.4,0.9,9,0,43897,50996000
10,0.5,0.9,9,0,49797,51828000
10,0.6,0.9,9,0,96512,62858000
10,0.7,0.9,9,0,172761,70439000
10,0.8,0.9,9,0,251979,93361000
10,0.9,0.9,9,0,1415020,136307000
10,0.0,0.0,10,0,568,37639000
10,0.1,0.0,10,0,2180,39848000
10,0.2,0.0,10,0,2736,38467000
10,0.3,0.0,10,0,1782,39823000
10,0.4,0.0,10,0,2839,41337000
10,0.5,0.0,10,0,4043,43049000
10,0.6,0.0,10,0,3865,37802000
10,0.7,0.0,10,0,18709,43341000
10,0.8,0.0,10,0,15661,42342000
10,0.9,0.0,10,0,45849,45399000
10,0.0,0.1,10,0,1136,37853000
10,0.1,0.1,10,0,3038,40959000
10,0.2,0.1,10,0,1888,36719000
10,0.3,0.1,10,0,2276,39612000
10,0.4,0.1,10,0,3995,36545000
10,0.5,0.1,10,0,4177,37473000
10,0.6,0.1,10,0,11754,38651000
10,0.7,0.1,10,0,5690,40404000
10,0.8,0.1,10,0,15423,42307000
10,0.9,0.1,10,0,45098,41438000
10,0.0,0.2,10,0,2705,39905000
10,0.1,0.2,10,0,2234,36803000
10,0.2,0.2,10,0,3921,36594000
10,0.3,0.2,10,0,3197,40164000
10,0.4,0.2,10,0,6338,39928000
10,0.5,0.2,10,0,4750,38679000
10,0.6,0.2,10,0,6926,38581000
10,0.7,0.2,10,0,11891,43377000
10,0.8,0.2,10,0,12179,40343000
10,0.9,0.2,10,0,34713,46736000
10,0.0,0.3,10,0,3598,41212000
10,0.1,0.3,10,0,4475,39051000
10,0.2,0.3,10,0,2973,38491000
10,0.3,0.3,10,0,3447,38972000
10,0.4,0.3,10,0,3098,37921000
10,0.5,0.3,10,0,4726,42481000
10,0.6,0.3,10,0,7365,37485000
10,0.7,0.3,10,0,18305,41779000
10,0.8,0.3,10,0,15489,40783000
10,0.9,0.3,10,0,74608,46059000
10,0.0,0.4,10,0,3417,37968000
10,0.1,0.4,10,0,3801,38646000
10,0.2,0.4,10,0,6475,39312000
10,0.3,0.4,10,0,7252,46295000
10,0.4,0.4,10,0,7918,37683000
10,0.5,0.4,10,0,14465,41981000
10,0.6,0.4,10,0,14175,40678000
10,0.7,0.4,10,0,14266,45938000
10,0.8,0.4,10,0,17444,41373000
10,0.9,0.4,10,0,104558,52419000
10,0.0,0.5,10,0,3061,41373000
10,0.1,0.5,10,0,7953,50648000
10,0.2,0.5,10,0,6896,43169000
10,0.3,0.5,10,0,5787,39602000
10,0.4,0.5,10,0,10375,41863000
10,0.5,0.5,10,0,7823,38489000
10,0.6,0.5,10,0,6757,38134000
10,0.7,0.5,10,0,28460,43086000
10,0.8,0.5,10,0,45928,46674000
10,0.9,0.5,10,0,41440,47586000
10,0.0,0.6,10,0,5787,40128000
10,0.1,0.6,10,0,13659,42001000
10,0.2,0.6,10,0,5990,39219000
10,0.3,0.6,10,0,6371,43322000
10,0.4,0.6,10,0,6956,39089000
10,0.5,0.6,10,0,9452,41742000
10,0.6,0.6,10,0,11458,39782000
10,0.7,0.6,10,0,32195,45644000
10,0.8,0.6,10,0,34128,47593000
10,0.9,0.6,10,0,75263,53969000
10,0.0,0.7,10,0,7768,41030000
10,0.1,0.7,10,0,11235,44690000
10,0.2,0.7,10,0,6161,43039000
10,0.3,0.7,10,0,15271,44173000
10,0.4,0.7,10,0,18709,45040000
10,0.5,0.7,10,0,39370,46442000
10,0.6,0.7,10,0,43111,51377000
10,0.7,0.7,10,0,36654,45769000
10,0.8,0.7,10,0,70779,50507000
10,0.9,0.7,10,0,265948,61509000
10,0.0,0.8,10,0,8398,40835000
10,0.1,0.8,10,0,14470,43455000
10,0.2,0.8,10,0,17961,46781000
10,0.3,0.8,10,0,21776,42894000
10,0.4,0.8,10,0,27413,44351000
10,0.5,0.8,10,0,22880,45480000
10,0.6,0.8,10,0,44061,51679000
10,0.7,0.8,10,0,48445,47757000
10,0.8,0.8,10,0,133059,62010000
10,0.9,0.8,10,0,368957,95515000
10,0.0,0.9,10,0,23134,49457000
10,0.1,0.9,10,0,15633,51996000
10,0.2,0.9,10,0,29097,55151000
10,0.3,0.9,10,0,57511,56587000
10,0.4,0.9,10,0,57715,65607000
10,0.5,0.9,10,0,188149,67619000
10,0.6,0.9,10,0,90954,63950000
10,0.7,0.9,10,0,164524,80450000
10,0.8,0.9,10,0,263153,87595000
10,0.9,0.9,10,0,874636,122531000
10,0.0,0.0,1,1,351,36856000
10,0.1,0.0,1,1,563,37870000
10,0.2,0.0,1,1,942,37976000
10,0.3,0.0,1,1,1901,40188000
10,0.4,0.0,1,1,2753,40775000
10,0.5,0.0,1,1,5785,41212000
10,0.6,0.0,1,1,5437,39592000
10,0.7,0.0,1,1,15849,47564000
10,0.8,0.0,1,1,25372,52124000
10,0.9,0.0,1,1,114067,75673000
10,0.0,0.1,1,1,560,38109000
10,0.1,0.1,1,1,877,37761000
10,0.2,0.1,1,1,1290,42276000
10,0.3,0.1,1,1,2101,43246000
10,0.4,0.1,1,1,3951,40576000
10,0.5,0.1,1,1,5713,42450000
10,0.6,0.1,1,1,6148,41050000
10,0.7,0.1,1,1,14871,48911000
10,0.8,0.1,1,1,44718,64712000
10,0.9,0.1,1,1,119716,75999000
10,0.0,0.2,1,1,1004,37734000
10,0.1,0.2,1,1,1540,39108000
10,0.2,0.2,1,1,1926,41425000
10,0.3,0.2,1,1,1556,40603000
10,0.4,0.2,1,1,5452,42451000
10,0.5,0.2,1,1,7820,41611000
10,0.6,0.2,1,1,11656,42611000
10,0.7,0.2,1,1,17359,49191000
10,0.8,0.2,1,1,57912,75885000
10,0.9,0.2,1,1,198849,95691000
10,0.0,0.3,1,1,1485,38901000
10,0.1,0.3,1,1,2445,39020000
10,0.2,0.3,1,1,2353,42997000
10,0.3,0.3,1,1,3992,47876000
10,0.4,0.3,1,1,6946,46896000
10,0.5,0.3,1,1,7264,45105000
10,0.6,0.3,1,1,11872,46611000
10,0.7,0.3,1,1,30885,57046000
10,0.8,0.3,1,1,66710,72735000
10,0.9,0.3,1,1,247675,102171000
10,0.0,0.4,1,1,3533,40535000
10,0.1,0.4,1,1,3192,38907000
10,0.2,0.4,1,1,4524,45333000
10,0.3,0.4,1,1,3955,40871000
10,0.4,0.4,1,1,10632,46109000
10,0.5,0.4,1,1,10442,44679000
10,0.6,0.4,1,1,20830,50583000
10,0.7,0.4,1,1,35018,59669000
10,0.8,0.4,1,1,79453,75534000
10,0.9,0.4,1,1,310908,113377000
10,0.0,0.5,1,1,4048,41923000
10,0.1,0.5,1,1,4343,40129000
10,0.2,0.5,1,1,6119,41809000
10,0.3,0.5,1,1,6339,45973000
10,0.4,0.5,1,1,11713,51579000
10,0.5,0.5,1,1,25022,57717000
10,0.6,0.5,1,1,28201,56097000
10,0.7,0.5,1,1,63431,71721000
10,0.8,0.5,1,1,101053,76095000
10,0.9,0.5,1,1,457215,131778000
10,0.0,0.6,1,1,6873,43591000
10,0.1,0.6,1,1,11041,46084000
10,0.2,0.6,1,1,10052,47704000
10,0.3,0.6,1,1,9008,44802000
10,0.4,0.6,1,1,20809,53416000
10,0.5,0.6,1,1,33656,59282000
10,0.6,0.6,1,1,55917,69408000
10,0.7,0.6,1,1,73245,71389000
10,0.8,0.6,1,1,236626,110079000
10,0.9,0.6,1,1,742580,144869000
10,0.0,0.7,1,1,11400,49425000
10,0.1,0.7,1,1,19483,52731000
10,0.2,0.7,1,1,20303,57257000
10,0.3,0.7,1,1,26721,57791000
10,0.4,0.7,1,1,40613,63272000
10,0.5,0.7,1,1,44529,63897000
10,0.6,0.7,1,1,89490,83744000
10,0.7,0.7,1,1,163239,102730000
10,0.8,0.7,1,1,340556,126499000
10,0.9,0.7,1,1,1546902,171711000
10,0.0,0.8,1,1,33126,67782000
10,0.1,0.8,1,1,32517,63735000
10,0.2,0.8,1,1,35950,61824000
10,0.3,0.8,1,1,86005,87308000
10,0.4,0.8,1,1,98759,85148000
10,0.5,0.8,1,1,141930,92471000
10,0.6,0.8,1,1,120067,86934000
10,0.7,0.8,1,1,246269,109636000
10,0.8,0.8,1,1,557868,140671000
10,0.9,0.8,1,1,3413250,226576000
10,0.0,0.9,1,1,108769,100413000
10,0.1,0.9,1,1,101209,94581000
10,0.2,0.9,1,1,258786,141216000
10,0.3,0.9,1,1,260326,137434000
10,0.4,0.9,1,1,336144,150841000
10,0.5,0.9,1,1,624486,171542000
10,0.6,0.9,1,1,650022,173042000
10,0.7,0.9,1,1,1051368,180830000
10,0.8,0.9,1,1,2904118,216719000
10,0.9,0.9,1,1,13112249,401810000
10,0.0,0.0,2,1,420,37522000
10,0.1,0.0,2,1,638,37151000
10,0.2,0.0,2,1,1269,39106000
10,0.3,0.0,2,1,1113,40565000
10,0.4,0.0,2,1,2675,40248000
10,0.5,0.0,2,1,3400,48011000
10,0.6,0.0,2,1,6348,39409000
10,0.7,0.0,2,1,13416,44869000
10,0.8,0.0,2,1,35014,46351000
10,0.9,0.0,2,1,229233,86115000
10,0.0,0.1,2,1,692,39350000
10,0.1,0.1,2,1,1078,41887000
10,0.2,0.1,2,1,1920,39000000
10,0.3,0.1,2,1,3011,38712000
10,0.4,0.1,2,1,3089,39803000
10,0.5,0.1,2,1,7004,40356000
10,0.6,0.1,2,1,10473,40559000
10,0.7,0.1,2,1,16937,42015000
10,0.8,0.1,2,1,51884,52159000
10,0.9,0.1,2,1,225539,87125000
10,0.0,0.2,2,1,1469,39033000
10,0.1,0.2,2,1,1999,40680000
10,0.2,0.2,2,1,1369,39595000
10,0.3,0.2,2,1,3197,40781000
10,0.4,0.2,2,1,3662,37116000
10,0.5,0.2,2,1,7076,40173000
10,0.6,0.2,2,1,11616,42289000
10,0.7,0.2,2,1,29247,49438000
10,0.8,0.2,2,1,63190,60528000
10,0.9,0.2,2,1,191234,74996000
10,0.0,0.3,2,1,1188,39067000
10,0.1,0.3,2,1,2113,40535000
10,0.2,0.3,2,1,3079,40275000
10,0.3,0.3,2,1,3949,41380000
10,0.4,0.3,2,1,7331,45831000
10,0.5,0.3,2,1,12235,42429000
10,0.6,0.3,2,1,10160,39555000
10,0.7,0.3,2,1,44220,52770000
10,0.8,0.3,2,1,74669,61640000
10,0.9,0.3,2,1,380697,102893000
10,0.0,0.4,2,1,1604,38909000
10,0.1,0.4,2,1,3915,40045000
10,0.2,0.4,2,1,5330,41141000
10,0.3,0.4,2,1,6829,40813000
10,0.4,0.4,2,1,10634,41192000
10,0.5,0.4,2,1,15269,41083000
10,0.6,0.4,2,1,25898,44393000
10,0.7,0.4,2,1,40643,48110000
10,0.8,0.4,2,1,96816,66958000
10,0.9,0.4,2,1,379214,102602000
10,0.0,0.5,2,1,5690,53555000
10,0.1,0.5,2,1,4288,38977000
10,0.2,0.5,2,1,10436,44390000
10,0.3,0.5,2,1,11309,42201000
10,0.4,0.5,2,1,13632,45255000
10,0.5,0.5,2,1,22819,44953000
10,0.6,0.5,2,1,54514,61140000
10,0.7,0.5,2,1,79394,62680000
10,0.8,0.5,2,1,111843,65871000
10,0.9,0.5,2,1,761781,134740000
10,0.0,0.6,2,1,9275,42173000
10,0.1,0.6,2,1,10398,43326000
10,0.2,0.6,2,1,12951,47017000
10,0.3,0.6,2,1,18514,45267000
10,0.4,0.6,2,1,21504,46426000
10,0.5,0.6,2,1,30101,48060000
10,0.6,0.6,2,1,53778,59098000
10,0.7,0.6,2,1,111875,82767000
10,0.8,0.6,2,1,259310,93428000
10,0.9,0.6,2,1,1352647,143260000
10,0.0,0.7,2,1,20209,47677000
10,0.1,0.7,2,1,14516,43712000
10,0.2,0.7,2,1,30996,55714000
10,0.3,0.7,2,1,32935,55415000
10,0.4,0.7,2,1,57815,59926000
10,0.5,0.7,2,1,89721,69680000
10,0.6,0.7,2,1,109539,81408000
10,0.7,0.7,2,1,148718,77750000
10,0.8,0.7,2,1,546767,120449000
10,0.9,0.7,2,1,2135832,161651000
10,0.0,0.8,2,1,35547,54604000
10,0.1,0.8,2,1,21445,43880000
10,0.2,0.8,2,1,92021,75244000
10,0.3,0.8,2,1,68603,61981000
10,0.4,0.8,2,1,128217,82382000
10,0.5,0.8,2,1,161325,88814000
10,0.6,0.8,2,1,208782,96886000
10,0.7,0.8,2,1,533329,132737000
10,0.8,0.8,2,1,1008835,139674000
10,0.9,0.8,2,1,6201756,244719000
10,0.0,0.9,2,1,139539,92638000
10,0.1,0.9,2,1,214540,105329000
10,0.2,0.9,2,1,393188,138647000
10,0.3,0.9,2,1,313210,124440000
10,0.4,0.9,2,1,533683,140253000
10,0.5,0.9,2,1,808091,158903000
10,0.6,0.9,2,1,828660,150363000
10,0.7,0.9,2,1,1447533,160205000
10,0.8,0.9,2,1,5001201,233456000
10,0.9,0.9,2,1,20850745,436028000
10,0.0,0.0,3,1,390,39914000
10,0.1,0.0,3,1,669,41038000
10,0.2,0.0,3,1,1608,39406000
10,0.3,0.0,3,1,2299,39539000
10,0.4,0.0,3,1,3607,38162000
10,0.5,0.0,3,1,7299,38681000
10,0.6,0.0,3,1,13411,45098000
10,0.7,0.0,3,1,14397,45166000
10,0.8,0.0,3,1,38887,47064000
10,0.9,0.0,3,1,183915,74075000
10,0.0,0.1,3,1,599,51280000
10,0.1,0.1,3,1,1126,40205000
10,0.2,0.1,3,1,2603,45912000
10,0.3,0.1,3,1,2499,40831000
10,0.4,0.1,3,1,6784,41720000
10,0.5,0.1,3,1,4869,38373000
10,0.6,0.1,3,1,12436,39181000
10,0.7,0.1,3,1,29013,45412000
10,0.8,0.1,3,1,68605,51921000
10,0.9,0.1,3,1,328567,96885000
10,0.0,0.2,3,1,799,37643000
10,0.1,0.2,3,1,1945,42826000
10,0.2,0.2,3,1,2843,43645000
10,0.3,0.2,3,1,3492,39653000
10,0.4,0.2,3,1,9370,39802000
10,0.5,0.2,3,1,9242,46105000
10,0.6,0.2,3,1,16915,40462000
10,0.7,0.2,3,1,41460,48619000
10,0.8,0.2,3,1,94187,57534000
10,0.9,0.2,3,1,494762,104539000
10,0.0,0.3,3,1,2808,39434000
10,0.1,0.3,3,1,3396,38298000
10,0.2,0.3,3,1,4943,39581000
10,0.3,0.3,3,1,7992,40390000
10,0.4,0.3,3,1,8781,40029000
10,0.5,0.3,3,1,9801,42924000
10,0.6,0.3,3,1,19923,39766000
10,0.7,0.3,3,1,52316,46188000
10,0.8,0.3,3,1,126590,64767000
10,0.9,0.3,3,1,408497,95058000
10,0.0,0.4,3,1,4227,39333000
10,0.1,0.4,3,1,3503,39410000
10,0.2,0.4,3,1,9599,43840000
10,0.3,0.4,3,1,7685,46830000
10,0.4,0.4,3,1,9001,41756000
10,0.5,0.4,3,1,19615,42029000
10,0.6,0.4,3,1,43433,50940000
10,0.7,0.4,3,1,85818,58227000
10,0.8,0.4,3,1,130907,65051000
10,0.9,0.4,3,1,886425,116121000
10,0.0,0.5,3,1,5945,38801000
10,0.1,0.5,3,1,4529,39772000
10,0.2,0.5,3,1,7941,42034000
10,0.3,0.5,3,1,25645,46002000
10,0.4,0.5,3,1,13928,40625000
10,0.5,0.5,3,1,27877,43992000
10,0.6,0.5,3,1,41069,45818000
10,0.7,0.5,3,1,88342,57170000
10,0.8,0.5,3,1,194475,72007000
10,0.9,0.5,3,1,1235829,127937000
10,0.0,0.6,3,1,12868,43038000
10,0.1,0.6,3,1,8831,42006000
10,0.2,0.6,3,1,19331,49557000
10,0.3,0.6,3,1,28049,48694000
10,0.4,0.6,3,1,33700,48629000
10,0.5,0.6,3,1,47170,50619000
10,0.6,0.6,3,1,77128,58216000
10,0.7,0.6,3,1,139647,74478000
10,0.8,0.6,3,1,305090,99931000
10,0.9,0.6,3,1,1123355,114814000
10,0.0,0.7,3,1,12483,40120000
10,0.1,0.7,3,1,24050,48341000
10,0.2,0.7,3,1,25271,50296000
10,0.3,0.7,3,1,32894,49376000
10,0.4,0.7,3,1,74790,61497000
10,0.5,0.7,3,1,109942,65156000
10,0.6,0.7,3,1,161580,77027000
10,0.7,0.7,3,1,380918,104067000
10,0.8,0.7,3,1,496455,104773000
10,0.9,0.7,3,1,3102500,160090000
10,0.0,0.8,3,1,27611,46645000
10,0.1,0.8,3,1,42471,56219000
10,0.2,0.8,3,1,73773,60160000
10,0.3,0.8,3,1,122278,78097000
10,0.4,0.8,3,1,104679,62794000
10,0.5,0.8,3,1,285754,106092000
10,0.6,0.8,3,1,345742,103927000
10,0.7,0.8,3,1,764038,122256000
10,0.8,0.8,3,1,1615676,139012000
10,0.9,0.8,3,1,7031272,218353000
10,0.0,0.9,3,1,268513,110547000
10,0.1,0.9,3,1,213817,98573000
10,0.2,0.9,3,1,307056,108313000
10,0.3,0.9,3,1,465659,121682000
10,0.4,0.9,3,1,669544,137699000
10,0.5,0.9,3,1,868645,135382000
10,0.6,0.9,3,1,1312950,143376000
10,0.7,0.9,3,1,2386925,167806000
10,0.8,0.9,3,1,6553017,249002000
10,0.9,0.9,3,1,17809272,334161000
10,0.0,0.0,4,1,413,36176000
10,0.1,0.0,4,1,641,40564000
10,0.2,0.0,4,1,2123,42557000
10,0.3,0.0,4,1,1485,39885000
10,0.4,0.0,4,1,7172,37841000
10,0.5,0.0,4,1,8910,39950000
10,0.6,0.0,4,1,16291,40039000
10,0.7,0.0,4,1,19944,41036000
10,0.8,0.0,4,1,66259,49213000
10,0.9,0.0,4,1,312454,86124000
10,0.0,0.1,4,1,842,38640000
10,0.1,0.1,4,1,693,39149000
10,0.2,0.1,4,1,3264,38421000
10,0.3,0.1,4,1,4644,39325000
10,0.4,0.1,4,1,6602,40281000
10,0.5,0.1,4,1,9336,40034000
10,0.6,0.1,4,1,14674,41542000
10,0.7,0.1,4,1,24772,48591000
10,0.8,0.1,4,1,60049,50794000
10,0.9,0.1,4,1,350819,85711000
10,0.0,0.2,4,1,1359,38060000
10,0.1,0.2,4,1,3973,46937000
10,0.2,0.2,4,1,3531,39642000
10,0.3,0.2,4,1,6394,42306000
10,0.4,0.2,4,1,7735,41071000
10,0.5,0.2,4,1,9561,39693000
10,0.6,0.2,4,1,18810,39734000
10,0.7,0.2,4,1,40340,44972000
10,0.8,0.2,4,1,94425,55020000
10,0.9,0.2,4,1,452006,94267000
10,0.0,0.3,4,1,2523,38382000
10,0.1,0.3,4,1,4064,42073000
10,0.2,0.3,4,1,4531,37569000
10,0.3,0.3,4,1,8801,39680000
10,0.4,0.3,4,1,14408,43849000
10,0.5,0.3,4,1,18183,43563000
10,0.6,0.3,4,1,32022,44113000
10,0.7,0.3,4,1,46316,46254000
10,0.8,0.3,4,1,124688,60735000
10,0.9,0.3,4,1,548680,105099000
10,0.0,0.4,4,1,6804,42704000
10,0.1,0.4,4,1,6807,43480000
10,0.2,0.4,4,1,5580,42832000
10,0.3,0.4,4,1,9348,42808000
10,0.4,0.4,4,1,17830,42645000
10,0.5,0.4,4,1,29669,44679000
10,0.6,0.4,4,1,26852,42122000
10,0.7,0.4,4,1,87862,55335000
10,0.8,0.4,4,1,212252,77396000
10,0.9,0.4,4,1,733954,105538000
10,0.0,0.5,4,1,6306,39733000
10,0.1,0.5,4,1,10460,43214000
10,0.2,0.5,4,1,14893,40757000
10,0.3,0.5,4,1,18309,43684000
10,0.4,0.5,4,1,23306,43143000
10,0.5,0.5,4,1,35931,45523000
10,0.6,0.5,4,1,43189,46744000
10,0.7,0.5,4,1,101139,56070000
10,0.8,0.5,4,1,334471,95539000
10,0.9,0.5,4,1,1394843,126680000
10,0.0,0.6,4,1,13486,45344000
10,0.1,0.6,4,1,24934,45347000
10,0.2,0.6,4,1,25539,42888000
10,0.3,0.6,4,1,41325,49148000
10,0.4,0.6,4,1,34945,47447000
10,0.5,0.6,4,1,60023,48523000
10,0.6,0.6,4,1,81693,55159000
10,0.7,0.6,4,1,238715,81240000
10,0.8,0.6,4,1,445915,103058000
10,0.9,0.6,4,1,1595775,122245000
10,0.0,0.7,4,1,18435,49254000
10,0.1,0.7,4,1,27465,42524000
10,0.2,0.7,4,1,39981,47109000
10,0.3,0.7,4,1,51765,53039000
10,0.4,0.7,4,1,74537,54297000
10,0.5,0.7,4,1,113532,60477000
10,0.6,0.7,4,1,242250,83413000
10,0.7,0.7,4,1,423849,98404000
10,0.8,0.7,4,1,776566,116691000
10,0.9,0.7,4,1,2460344,141333000
10,0.0,0.8,4,1,68686,54586000
10,0.1,0.8,4,1,88851,59293000
10,0.2,0.8,4,1,101481,61601000
10,0.3,0.8,4,1,192351,84439000
10,0.4,0.8,4,1,183166,73804000
10,0.5,0.8,4,1,349818,100884000
10,0.6,0.8,4,1,389671,97102000
10,0.7,0.8,4,1,884406,121392000
10,0.8,0.8,4,1,2139771,148024000
10,0.9,0.8,4,1,7786711,212532000
10,0.0,0.9,4,1,346012,116154000
10,0.1,0.9,4,1,318582,114892000
10,0.2,0.9,4,1,581781,126211000
10,0.3,0.9,4,1,669119,131260000
10,0.4,0.9,4,1,783999,142746000
10,0.5,0.9,4,1,921389,137826000
10,0.6,0.9,4,1,1865388,185874000
10,0.7,0.9,4,1,3035900,184712000
10,0.8,0.9,4,1,8364127,244652000
10,0.9,0.9,4,1,23521536,346117000
10,0.0,0.0,5,1,516,38946000
10,0.1,0.0,5,1,807,38226000
10,0.2,0.0,5,1,3125,39230000
10,0.3,0.0,5,1,3556,39872000
10,0.4,0.0,5,1,5682,40256000
10,0.5,0.0,5,1,4954,44503000
10,0.6,0.0,5,1,16201,39112000
10,0.7,0.0,5,1,27016,43634000
10,0.8,0.0,5,1,59829,45370000
10,0.9,0.0,5,1,308905,77314000
10,0.0,0.1,5,1,1504,39198000
10,0.1,0.1,5,1,694,38504000
10,0.2,0.1,5,1,3063,41920000
10,0.3,0.1,5,1,6233,47054000
10,0.4,0.1,5,1,6057,40939000
10,0.5,0.1,5,1,7400,37411000
10,0.6,0.1,5,1,27399,46858000
10,0.7,0.1,5,1,47673,50589000
10,0.8,0.1,5,1,96799,56131000
10,0.9,0.1,5,1,529085,92995000
10,0.0,0.2,5,1,1971,41623000
10,0.1,0.2,5,1,3184,39997000
10,0.2,0.2,5,1,3708,38857000
10,0.3,0.2,5,1,2913,37948000
10,0.4,0.2,5,1,6483,39721000
10,0.5,0.2,5,1,14460,40764000
10,0.6,0.2,5,1,21691,42940000
10,0.7,0.2,5,1,45098,48798000
10,0.8,0.2,5,1,121669,57902000
10,0.9,0.2,5,1,375992,84977000
10,0.0,0.3,5,1,4465,38949000
10,0.1,0.3,5,1,3705,38525000
10,0.2,0.3,5,1,10232,42173000
10,0.3,0.3,5,1,9725,44284000
10,0.4,0.3,5,1,13703,45813000
10,0.5,0.3,5,1,36863,47242000
10,0.6,0.3,5,1,42021,45942000
10,0.7,0.3,5,1,75165,54349000
10,0.8,0.3,5,1,163045,59174000
10,0.9,0.3,5,1,422599,82709000
10,0.0,0.4,5,1,6008,39638000
10,0.1,0.4,5,1,7743,40736000
10,0.2,0.4,5,1,9458,42407000
10,0.3,0.4,5,1,12755,39616000
10,0.4,0.4,5,1,27020,43179000
10,0.5,0.4,5,1,31920,46085000
10,0.6,0.4,5,1,55342,48356000
10,0.7,0.4,5,1,82232,54629000
10,0.8,0.4,5,1,295487,85032000
10,0.9,0.4,5,1,859235,102523000
10,0.0,0.5,5,1,8702,41008000
10,0.1,0.5,5,1,11901,43402000
10,0.2,0.5,5,1,14590,39742000
10,0.3,0.5,5,1,14434,46010000
10,0.4,0.5,5,1,24234,46542000
10,0.5,0.5,5,1,38100,44872000
10,0.6,0.5,5,1,78475,51493000
10,0.7,0.5,5,1,164271,70076000
10,0.8,0.5,5,1,289513,79210000
10,0.9,0.5,5,1,1643105,117353000
10,0.0,0.6,5,1,12861,41650000
10,0.1,0.6,5,1,25474,44455000
10,0.2,0.6,5,1,21979,41402000
10,0.3,0.6,5,1,42317,48466000
10,0.4,0.6,5,1,64239,51679000
10,0.5,0.6,5,1,64459,49405000
10,0.6,0.6,5,1,133558,60423000
10,0.7,0.6,5,1,314305,90280000
10,0.8,0.6,5,1,764396,107510000
10,0.9,0.6,5,1,2108542,120663000
10,0.0,0.7,5,1,29069,46150000
10,0.1,0.7,5,1,51236,50762000
10,0.2,0.7,5,1,33506,46529000
10,0.3,0.7,5,1,95343,62626000
10,0.4,0.7,5,1,82640,53085000
10,0.5,0.7,5,1,126326,60783000
10,0.6,0.7,5,1,201484,74425000
10,0.7,0.7,5,1,486108,97559000
10,0.8,0.7,5,1,958824,113115000
10,0.9,0.7,5,1,4529880,162222000
10,0.0,0.8,5,1,86419,58469000
10,0.1,0.8,5,1,85211,57404000
10,0.2,0.8,5,1,155196,73366000
10,0.3,0.8,5,1,151392,65459000
10,0.4,0.8,5,1,203683,79082000
10,0.5,0.8,5,1,349570,92526000
10,0.6,0.8,5,1,409384,97814000
10,0.7,0.8,5,1,1074058,116378000
10,0.8,0.8,5,1,2075217,133246000
10,0.9,0.8,5,1,8991170,197086000
10,0.0,0.9,5,1,319205,106332000
10,0.1,0.9,5,1,546228,130790000
10,0.2,0.9,5,1,599385,124409000
10,0.3,0.9,5,1,550199,111481000
10,0.4,0.9,5,1,772166,119434000
10,0.5,0.9,5,1,1454931,148024000
10,0.6,0.9,5,1,2135595,163533000
10,0.7,0.9,5,1,2946080,155527000
10,0.8,0.9,5,1,9615253,229787000
10,0.9,0.9,5,1,43177480,435133000
10,0.0,0.0,6,1,471,35673000
10,0.1,0.0,6,1,984,38023000
10,0.2,0.0,6,1,2093,40305000
10,0.3,0.0,6,1,3294,39249000
10,0.4,0.0,6,1,7815,37866000
10,0.5,0.0,6,1,9161,38790000
10,0.6,0.0,6,1,20653,42394000
10,0.7,0.0,6,1,46929,49483000
10,0.8,0.0,6,1,120153,56735000
10,0.9,0.0,6,1,409821,88090000
10,0.0,0.1,6,1,468,38186000
10,0.1,0.1,6,1,3090,39600000
10,0.2,0.1,6,1,1995,38794000
10,0.3,0.1,6,1,6060,41570000
10,0.4,0.1,6,1,9531,43175000
10,0.5,0.1,6,1,6569,41012000
10,0.6,0.1,6,1,22266,43138000
10,0.7,0.1,6,1,48260,45300000
10,0.8,0.1,6,1,89104,49231000
10,0.9,0.1,6,1,325292,74774000
10,0.0,0.2,6,1,3509,39019000
10,0.1,0.2,6,1,4767,39794000
10,0.2,0.2,6,1,4257,40856000
10,0.3,0.2,6,1,9878,42813000
10,0.4,0.2,6,1,12479,38786000
10,0.5,0.2,6,1,19046,42000000
10,0.6,0.2,6,1,42648,47083000
10,0.7,0.2,6,1,56557,44053000
10,0.8,0.2,6,1,135118,62665000
10,0.9,0.2,6,1,505696,95755000
10,0.0,0.3,6,1,2567,41329000
10,0.1,0.3,6,1,7752,43645000
10,0.2,0.3,6,1,5334,41357000
10,0.3,0.3,6,1,9874,42359000
10,0.4,0.3,6,1,17662,42353000
10,0.5,0.3,6,1,23359,44154000
10,0.6,0.3,6,1,23234,45854000
10,0.7,0.3,6,1,87624,51429000
10,0.8,0.3,6,1,198690,65625000
10,0.9,0.3,6,1,621657,87424000
10,0.0,0.4,6,1,8870,41575000
10,0.1,0.4,6,1,9011,40976000
10,0.2,0.4,6,1,11200,41810000
10,0.3,0.4,6,1,14222,40972000
10,0.4,0.4,6,1,18556,41557000
10,0.5,0.4,6,1,33186,43640000
10,0.6,0.4,6,1,53256,43953000
10,0.7,0.4,6,1,111257,53947000
10,0.8,0.4,6,1,341429,90860000
10,0.9,0.4,6,1,1065203,103066000
10,0.0,0.5,6,1,10840,40254000
10,0.1,0.5,6,1,13467,40231000
10,0.2,0.5,6,1,19565,46704000
10,0.3,0.5,6,1,18049,45263000
10,0.4,0.5,6,1,36517,44529000
10,0.5,0.5,6,1,58632,49079000
10,0.6,0.5,6,1,93774,54699000
10,0.7,0.5,6,1,202167,68966000
10,0.8,0.5,6,1,375556,85033000
10,0.9,0.5,6,1,1266220,119456000
10,0.0,0.6,6,1,20287,42428000
10,0.1,0.6,6,1,27311,44162000
10,0.2,0.6,6,1,39059,46872000
10,0.3,0.6,6,1,40691,46828000
10,0.4,0.6,6,1,46509,46194000
10,0.5,0.6,6,1,64326,51565000
10,0.6,0.6,6,1,128626,57291000
10,0.7,0.6,6,1,276899,74265000
10,0.8,0.6,6,1,593940,97359000
10,0.9,0.6,6,1,2456396,131387000
10,0.0,0.7,6,1,36990,44925000
10,0.1,0.7,6,1,54809,48877000
10,0.2,0.7,6,1,46957,47851000
10,0.3,0.7,6,1,74757,53623000
10,0.4,0.7,6,1,98912,56807000
10,0.5,0.7,6,1,132730,61133000
10,0.6,0.7,6,1,286406,80127000
10,0.7,0.7,6,1,547835,95005000
10,0.8,0.7,6,1,1071258,108382000
10,0.9,0.7,6,1,5047084,164723000
10,0.0,0.8,6,1,73023,49870000
10,0.1,0.8,6,1,109573,61551000
10,0.2,0.8,6,1,182682,71520000
10,0.3,0.8,6,1,218765,78113000
10,0.4,0.8,6,1,237000,81247000
10,0.5,0.8,6,1,418801,96739000
10,0.6,0.8,6,1,653670,112775000
10,0.7,0.8,6,1,1095628,120627000
10,0.8,0.8,6,1,2783316,143684000
10,0.9,0.8,6,1,14353036,237233000
10,0.0,0.9,6,1,360015,104761000
10,0.1,0.9,6,1,468590,104722000
10,0.2,0.9,6,1,692509,135738000
10,0.3,0.9,6,1,1025977,142400000
10,0.4,0.9,6,1,1288034,135798000
10,0.5,0.9,6,1,1997810,153846000
10,0.6,0.9,6,1,2956013,163120000
10,0.7,0.9,6,1,3851906,172170000
10,0.8,0.9,6,1,7232951,196879000
10,0.9,0.9,6,1,32992058,345783000
10,0.0,0.0,7,1,470,41461000
10,0.1,0.0,7,1,989,40625000
10,0.2,0.0,7,1,5246,41309000
10,0.3,0.0,7,1,5026,40324000
10,0.4,0.0,7,1,6903,42061000
10,0.5,0.0,7,1,11766,40228000
10,0.6,0.0,7,1,16253,41223000
10,0.7,0.0,7,1,29050,40494000
10,0.8,0.0,7,1,93847,46198000
10,0.9,0.0,7,1,347461,71165000
10,0.0,0.1,7,1,684,38784000
10,0.1,0.1,7,1,1868,37043000
10,0.2,0.1,7,1,2974,37392000
10,0.3,0.1,7,1,10362,39907000
10,0.4,0.1,7,1,9608,41094000
10,0.5,0.1,7,1,24427,46199000
10,0.6,0.1,7,1,39575,43371000
10,0.7,0.1,7,1,44949,44921000
10,0.8,0.1,7,1,98364,48525000
10,0.9,0.1,7,1,470698,84569000
10,0.0,0.2,7,1,1881,44448000
10,0.1,0.2,7,1,5494,40388000
10,0.2,0.2,7,1,9204,47340000
10,0.3,0.2,7,1,9955,43492000
10,0.4,0.2,7,1,8087,43132000
10,0.5,0.2,7,1,25278,40823000
10,0.6,0.2,7,1,36471,44184000
10,0.7,0.2,7,1,66764,47979000
10,0.8,0.2,7,1,171480,58063000
10,0.9,0.2,7,1,706980,93406000
10,0.0,0.3,7,1,3260,38838000
10,0.1,0.3,7,1,7766,41194000
10,0.2,0.3,7,1,10990,41573000
10,0.3,0.3,7,1,16834,40591000
10,0.4,0.3,7,1,18392,43673000
10,0.5,0.3,7,1,22938,42960000
10,0.6,0.3,7,1,43165,48547000
10,0.7,0.3,7,1,64980,45359000
10,0.8,0.3,7,1,160562,61603000
10,0.9,0.3,7,1,665900,94496000
10,0.0,0.4,7,1,6893,40893000
10,0.1,0.4,7,1,8275,38447000
10,0.2,0.4,7,1,8553,40609000
10,0.3,0.4,7,1,13906,40680000
10,0.4,0.4,7,1,22007,42773000
10,0.5,0.4,7,1,43313,43398000
10,0.6,0.4,7,1,74875,49054000
10,0.7,0.4,7,1,124477,56714000
10,0.8,0.4,7,1,347016,85147000
10,0.9,0.4,7,1,963144,96582000
10,0.0,0.5,7,1,12624,43711000
10,0.1,0.5,7,1,17000,41063000
10,0.2,0.5,7,1,15997,40929000
10,0.3,0.5,7,1,34379,46494000
10,0.4,0.5,7,1,43553,44397000
10,0.5,0.5,7,1,68885,63393000
10,0.6,0.5,7,1,75525,46940000
10,0.7,0.5,7,1,166561,60077000
10,0.8,0.5,7,1,429566,89117000
10,0.9,0.5,7,1,1582626,110468000
10,0.0,0.6,7,1,15245,44265000
10,0.1,0.6,7,1,25822,53969000
10,0.2,0.6,7,1,34058,47014000
10,0.3,0.6,7,1,34990,45774000
10,0.4,0.6,7,1,71914,57359000
10,0.5,0.6,7,1,81963,53735000
10,0.6,0.6,7,1,132007,57615000
10,0.7,0.6,7,1,277197,70861000
10,0.8,0.6,7,1,742038,99161000
10,0.9,0.6,7,1,2790458,134100000
10,0.0,0.7,7,1,36398,43825000
10,0.1,0.7,7,1,60745,49461000
10,0.2,0.7,7,1,66304,50701000
10,0.3,0.7,7,1,101298,51923000
10,0.4,0.7,7,1,121990,58697000
10,0.5,0.7,7,1,171290,66925000
10,0.6,0.7,7,1,285032,73983000
10,0.7,0.7,7,1,592820,98000000
10,0.8,0.7,7,1,1159021,111543000
10,0.9,0.7,7,1,5336212,165963000
10,0.0,0.8,7,1,93368,56400000
10,0.1,0.8,7,1,89962,54070000
10,0.2,0.8,7,1,173228,67031000
10,0.3,0.8,7,1,194009,70348000
10,0.4,0.8,7,1,221222,66641000
10,0.5,0.8,7,1,459144,90858000
10,0.6,0.8,7,1,812297,111073000
10,0.7,0.8,7,1,1401712,115197000
10,0.8,0.8,7,1,2891057,133879000
10,0.9,0.8,7,1,13040038,208080000
10,0.0,0.9,7,1,361565,92767000
10,0.1,0.9,7,1,459544,96680000
10,0.2,0.9,7,1,614596,104542000
10,0.3,0.9,7,1,1021847,122033000
10,0.4,0.9,7,1,1147820,124789000
10,0.5,0.9,7,1,2091932,148735000
10,0.6,0.9,7,1,2844239,176114000
10,0.7,0.9,7,1,3612331,160136000
10,0.8,0.9,7,1,15106948,238549000
10,0.9,0.9,7,1,47476886,389140000
10,0.0,0.0,8,1,581,36314000
10,0.1,0.0,8,1,2859,41598000
10,0.2,0.0,8,1,2567,44627000
10,0.3,0.0,8,1,6607,41242000
10,0.4,0.0,8,1,9990,38927000
10,0.5,0.0,8,1,10873,39094000
10,0.6,0.0,8,1,27885,43308000
10,0.7,0.0,8,1,38830,45161000
10,0.8,0.0,8,1,130410,52999000
10,0.9,0.0,8,1,431309,72031000
10,0.0,0.1,8,1,1547,41258000
10,0.1,0.1,8,1,3848,39399000
10,0.2,0.1,8,1,7423,44338000
10,0.3,0.1,8,1,9876,41134000
10,0.4,0.1,8,1,13648,42355000
10,0.5,0.1,8,1,15983,39107000
10,0.6,0.1,8,1,48328,47310000
10,0.7,0.1,8,1,70102,50048000
10,0.8,0.1,8,1,157175,61468000
10,0.9,0.1,8,1,711284,88463000
10,0.0,0.2,8,1,4520,42988000
10,0.1,0.2,8,1,7432,39855000
10,0.2,0.2,8,1,10564,40575000
10,0.3,0.2,8,1,12005,40655000
10,0.4,0.2,8,1,13872,41284000
10,0.5,0.2,8,1,17515,40552000
10,0.6,0.2,8,1,38462,41213000
10,0.7,0.2,8,1,60228,45829000
10,0.8,0.2,8,1,236956,66035000
10,0.9,0.2,8,1,719413,92410000
10,0.0,0.3,8,1,6205,40821000
10,0.1,0.3,8,1,5684,39189000
10,0.2,0.3,8,1,6716,40181000
10,0.3,0.3,8,1,15000,47618000
10,0.4,0.3,8,1,16047,43388000
10,0.5,0.3,8,1,36616,44666000
10,0.6,0.3,8,1,41947,44441000
10,0.7,0.3,8,1,106596,58754000
10,0.8,0.3,8,1,271614,66972000
10,0.9,0.3,8,1,978172,96434000
10,0.0,0.4,8,1,9486,41123000
10,0.1,0.4,8,1,8311,42543000
10,0.2,0.4,8,1,16394,39181000
10,0.3,0.4,8,1,21334,40401000
10,0.4,0.4,8,1,31776,42385000
10,0.5,0.4,8,1,63155,47929000
10,0.6,0.4,8,1,63022,44311000
10,0.7,0.4,8,1,138957,53812000
10,0.8,0.4,8,1,241377,65977000
10,0.9,0.4,8,1,1552254,106100000
10,0.0,0.5,8,1,9541,42140000
10,0.1,0.5,8,1,16890,43091000
10,0.2,0.5,8,1,25591,40122000
10,0.3,0.5,8,1,24217,40680000
10,0.4,0.5,8,1,33332,45603000
10,0.5,0.5,8,1,101988,55793000
10,0.6,0.5,8,1,99808,53407000
10,0.7,0.5,8,1,243161,66392000
10,0.8,0.5,8,1,506738,93369000
10,0.9,0.5,8,1,1798334,120450000
10,0.0,0.6,8,1,13380,41706000
10,0.1,0.6,8,1,20183,42503000
10,0.2,0.6,8,1,38392,41332000
10,0.3,0.6,8,1,56584,45732000
10,0.4,0.6,8,1,94690,51442000
10,0.5,0.6,8,1,142629,56771000
10,0.6,0.6,8,1,152282,57050000
10,0.7,0.6,8,1,363697,73796000
10,0.8,0.6,8,1,881235,100988000
10,0.9,0.6,8,1,2952416,117573000
10,0.0,0.7,8,1,49863,46047000
10,0.1,0.7,8,1,46826,47578000
10,0.2,0.7,8,1,76595,51797000
10,0.3,0.7,8,1,160340,64398000
10,0.4,0.7,8,1,130433,60462000
10,0.5,0.7,8,1,231837,73644000
10,0.6,0.7,8,1,395304,82597000
10,0.7,0.7,8,1,661884,94825000
10,0.8,0.7,8,1,1393146,112847000
10,0.9,0.7,8,1,5992891,142478000
10,0.0,0.8,8,1,130262,58438000
10,0.1,0.8,8,1,169401,68384000
10,0.2,0.8,8,1,206091,71185000
10,0.3,0.8,8,1,203329,61838000
10,0.4,0.8,8,1,347254,82572000
10,0.5,0.8,8,1,593566,90162000
10,0.6,0.8,8,1,704122,97217000
10,0.7,0.8,8,1,1157465,114065000
10,0.8,0.8,8,1,3409860,133078000
10,0.9,0.8,8,1,13077580,208879000
10,0.0,0.9,8,1,540198,105708000
10,0.1,0.9,8,1,444251,102606000
10,0.2,0.9,8,1,811899,120205000
10,0.3,0.9,8,1,1074300,129045000
10,0.4,0.9,8,1,1095573,129531000
10,0.5,0.9,8,1,2529965,154918000
10,0.6,0.9,8,1,2900519,145718000
10,0.7,0.9,8,1,6405061,184348000
10,0.8,0.9,8,1,9117397,185977000
10,0.9,0.9,8,1,42502744,338355000
10,0.0,0.0,9,1,543,37461000
10,0.1,0.0,9,1,1196,41000000
10,0.2,0.0,9,1,5176,40781000
10,0.3,0.0,9,1,9022,42073000
10,0.4,0.0,9,1,10661,39294000
10,0.5,0.0,9,1,13731,39433000
10,0.6,0.0,9,1,30250,40518000
10,0.7,0.0,9,1,55012,44169000
10,0.8,0.0,9,1,96463,49791000
10,0.9,0.0,9,1,546950,88333000
10,0.0,0.1,9,1,1899,38430000
10,0.1,0.1,9,1,4608,40954000
10,0.2,0.1,9,1,5393,40672000
10,0.3,0.1,9,1,11278,42785000
10,0.4,0.1,9,1,15174,42495000
10,0.5,0.1,9,1,18120,40009000
10,0.6,0.1,9,1,36425,40795000
10,0.7,0.1,9,1,77005,44120000
10,0.8,0.1,9,1,187696,58992000
10,0.9,0.1,9,1,688462,82225000
10,0.0,0.2,9,1,3535,39039000
10,0.1,0.2,9,1,7652,41474000
10,0.2,0.2,9,1,8701,37959000
10,0.3,0.2,9,1,9765,39838000
10,0.4,0.2,9,1,15942,42575000
10,0.5,0.2,9,1,21210,40389000
10,0.6,0.2,9,1,51648,49502000
10,0.7,0.2,9,1,97420,49114000
10,0.8,0.2,9,1,252206,70325000
10,0.9,0.2,9,1,1016525,94484000
10,0.0,0.3,9,1,4244,38708000
10,0.1,0.3,9,1,8231,42123000
10,0.2,0.3,9,1,8848,38450000
10,0.3,0.3,9,1,17131,39838000
10,0.4,0.3,9,1,18949,43652000
10,0.5,0.3,9,1,25407,43756000
10,0.6,0.3,9,1,66821,44359000
10,0.7,0.3,9,1,117072,52386000
10,0.8,0.3,9,1,236970,56865000
10,0.9,0.3,9,1,1393296,103518000
10,0.0,0.4,9,1,7523,40779000
10,0.1,0.4,9,1,10033,41193000
10,0.2,0.4,9,1,20373,42043000
10,0.3,0.4,9,1,31002,44546000
10,0.4,0.4,9,1,25199,40712000
10,0.5,0.4,9,1,47844,44873000
10,0.6,0.4,9,1,65946,43727000
10,0.7,0.4,9,1,177243,57977000
10,0.8,0.4,9,1,277763,64463000
10,0.9,0.4,9,1,1348025,108821000
10,0.0,0.5,9,1,17585,51087000
10,0.1,0.5,9,1,18795,43259000
10,0.2,0.5,9,1,22212,45506000
10,0.3,0.5,9,1,18992,42819000
10,0.4,0.5,9,1,40400,44022000
10,0.5,0.5,9,1,91468,51422000
10,0.6,0.5,9,1,84159,48299000
10,0.7,0.5,9,1,267849,67563000
10,0.8,0.5,9,1,475343,82482000
10,0.9,0.5,9,1,2177445,110016000
10,0.0,0.6,9,1,20464,42428000
10,0.1,0.6,9,1,20505,40275000
10,0.2,0.6,9,1,24525,42269000
10,0.3,0.6,9,1,75496,47702000
10,0.4,0.6,9,1,90704,49148000
10,0.5,0.6,9,1,126800,54436000
10,0.6,0.6,9,1,197092,57852000
10,0.7,0.6,9,1,264939,60207000
10,0.8,0.6,9,1,785571,87163000
10,0.9,0.6,9,1,4366810,138077000
10,0.0,0.7,9,1,42160,47035000
10,0.1,0.7,9,1,81703,47283000
10,0.2,0.7,9,1,64162,45872000
10,0.3,0.7,9,1,118515,55215000
10,0.4,0.7,9,1,110163,51763000
10,0.5,0.7,9,1,295587,75796000
10,0.6,0.7,9,1,236989,62709000
10,0.7,0.7,9,1,625476,87167000
10,0.8,0.7,9,1,1780673,119562000
10,0.9,0.7,9,1,6483120,150984000
10,0.0,0.8,9,1,131486,57295000
10,0.1,0.8,9,1,179832,63446000
10,0.2,0.8,9,1,171358,63887000
10,0.3,0.8,9,1,297299,85982000
10,0.4,0.8,9,1,484400,96864000
10,0.5,0.8,9,1,551836,91630000
10,0.6,0.8,9,1,1116100,113683000
10,0.7,0.8,9,1,1398005,112471000
10,0.8,0.8,9,1,4599525,156767000
10,0.9,0.8,9,1,12756125,199470000
10,0.0,0.9,9,1,831443,117683000
10,0.1,0.9,9,1,645147,110046000
10,0.2,0.9,9,1,820198,110050000
10,0.3,0.9,9,1,849554,104985000
10,0.4,0.9,9,1,1619947,127625000
10,0.5,0.9,9,1,2381045,147704000
10,0.6,0.9,9,1,3321247,147247000
10,0.7,0.9,9,1,9099849,202242000
10,0.8,0.9,9,1,14285082,221386000
10,0.9,0.9,9,1,52246045,375979000
10,0.0,0.0,10,1,593,37435000
10,0.1,0.0,10,1,1465,40197000
10,0.2,0.0,10,1,2479,40877000
10,0.3,0.0,10,1,6615,42906000
10,0.4,0.0,10,1,9690,44590000
10,0.5,0.0,10,1,14971,44187000
10,0.6,0.0,10,1,32628,41799000
10,0.7,0.0,10,1,54530,45728000
10,0.8,0.0,10,1,80979,47467000
10,0.9,0.0,10,1,554314,84835000
10,0.0,0.1,10,1,1202,37129000
10,0.1,0.1,10,1,4389,39339000
10,0.2,0.1,10,1,7329,39318000
10,0.3,0.1,10,1,7776,40596000
10,0.4,0.1,10,1,9277,42091000
10,0.5,0.1,10,1,21947,44507000
10,0.6,0.1,10,1,31766,43390000
10,0.7,0.1,10,1,65447,44280000
10,0.8,0.1,10,1,152351,50460000
10,0.9,0.1,10,1,669820,79062000
10,0.0,0.2,10,1,2298,37972000
10,0.1,0.2,10,1,6851,38794000
10,0.2,0.2,10,1,8399,41727000
10,0.3,0.2,10,1,13715,42216000
10,0.4,0.2,10,1,19540,45557000
10,0.5,0.2,10,1,23961,45339000
10,0.6,0.2,10,1,45862,42379000
10,0.7,0.2,10,1,130960,52998000
10,0.8,0.2,10,1,229749,59931000
10,0.9,0.2,10,1,1125051,90985000
10,0.0,0.3,10,1,5377,43753000
10,0.1,0.3,10,1,8357,40351000
10,0.2,0.3,10,1,12826,40889000
10,0.3,0.3,10,1,17443,40608000
10,0.4,0.3,10,1,23885,40932000
10,0.5,0.3,10,1,36538,42574000
10,0.6,0.3,10,1,80301,45675000
10,0.7,0.3,10,1,86567,47989000
10,0.8,0.3,10,1,458575,83075000
10,0.9,0.3,10,1,1360870,95386000
10,0.0,0.4,10,1,12235,42413000
10,0.1,0.4,10,1,13561,40226000
10,0.2,0.4,10,1,15633,38515000
10,0.3,0.4,10,1,18791,46774000
10,0.4,0.4,10,1,29669,44754000
10,0.5,0.4,10,1,44267,43672000
10,0.6,0.4,10,1,86871,45611000
10,0.7,0.4,10,1,216280,60523000
10,0.8,0.4,10,1,579141,86970000
10,0.9,0.4,10,1,2175139,109706000
10,0.0,0.5,10,1,15385,39401000
10,0.1,0.5,10,1,18975,39171000
10,0.2,0.5,10,1,42253,46027000
10,0.3,0.5,10,1,49514,47125000
10,0.4,0.5,10,1,43591,42525000
10,0.5,0.5,10,1,117123,51717000
10,0.6,0.5,10,1,154167,51056000
10,0.7,0.5,10,1,286047,64102000
10,0.8,0.5,10,1,546283,79695000
10,0.9,0.5,10,1,1936682,103171000
10,0.0,0.6,10,1,41106,42787000
10,0.1,0.6,10,1,38722,43921000
10,0.2,0.6,10,1,48898,47233000
10,0.3,0.6,10,1,70368,52941000
10,0.4,0.6,10,1,84007,50027000
10,0.5,0.6,10,1,107755,49721000
10,0.6,0.6,10,1,231571,59661000
10,0.7,0.6,10,1,381031,80198000
10,0.8,0.6,10,1,705101,87001000
10,0.9,0.6,10,1,4241609,126523000
10,0.0,0.7,10,1,73617,48789000
10,0.1,0.7,10,1,88158,51975000
10,0.2,0.7,10,1,93522,49454000
10,0.3,0.7,10,1,151471,54695000
10,0.4,0.7,10,1,198371,58323000
10,0.5,0.7,10,1,233964,62230000
10,0.6,0.7,10,1,425296,82666000
10,0.7,0.7,10,1,760639,88895000
10,0.8,0.7,10,1,2228631,117945000
10,0.9,0.7,10,1,7079606,140718000
10,0.0,0.8,10,1,120694,55511000
10,0.1,0.8,10,1,111941,50614000
10,0.2,0.8,10,1,230875,74315000
10,0.3,0.8,10,1,271041,69587000
10,0.4,0.8,10,1,397233,80461000
10,0.5,0.8,10,1,461515,78779000
10,0.6,0.8,10,1,1227243,110756000
10,0.7,0.8,10,1,2574893,128792000
10,0.8,0.8,10,1,4558674,138155000
10,0.9,0.8,10,1,17294652,199757000
10,0.0,0.9,10,1,614340,97334000
10,0.1,0.9,10,1,792831,108524000
10,0.2,0.9,10,1,820641,104327000
10,0.3,0.9,10,1,1183801,117317000
10,0.4,0.9,10,1,2072774,127305000
10,0.5,0.9,10,1,2602891,131051000
10,0.6,0.9,10,1,4809969,160483000
10,0.7,0.9,10,1,7614424,188705000
10,0.8,0.9,10,1,18986404,239184000
10,0.9,0.9,10,1,53972574,343681000
